entity:ID,name,:LABEL
entity0,小铃铛-霖霖,User
entity1,长江国际十八楼团霸,User
entity2,宋药师,User
entity3,用户hdn2bh41te,User
entity4,蒋昀霖,User
entity5,屈楚萧,User
entity6,葡萄柚吐槽号,User
entity7,黑夜总是悠长,User
entity8,哥谭唱跳第一人,User
entity9,纯氧4号,User
entity10,純氧月刊社·,User
entity11,雨林星球-贺峻霖高考顺利版,User
entity12,时代少年团-贺峻霖,User
entity13,霖霖高考顺利,User
entity14,可口的冰镇西瓜,User
entity15,LuckyBead_转运珠的小助手,User
entity16,贺峻霖后援会官博,User
entity17,高考加油之叫小福鑫年王还是女王,User
entity18,丁程鑫后援会官博,User
entity19,家有俩儿要高考,User
entity20,·浮世绘·,User
entity21,玫瑰海浪,User
entity22,碗惜甜饼铺-无忧版,User
entity23,老婆今年要高考,User
entity24,blackorbird,User
entity25,土豆红烧五花肉,User
entity26,凯雷,User
entity27,北京老球迷,User
entity28,骆驼胡杨001,User
entity29,Pathfinder老张,User
entity30,请叫我_老K,User
entity31,命理师枕星河,User
entity32,我爱祖国礼仪之邦,User
entity33,白日梦厂,User
entity34,·白日夢邮集,User
entity35,拾月浪漫,User
entity36,寂亭云升,User
entity37,漫游云桥,User
entity38,初恋颂歌_FirstLoveOde,User
entity39,别叫我放屁达人·心碎小狗养乐多,User
entity40,上学睡不饱,User
entity41,无聊的小白猪,User
entity42,米虫大大仁,User
entity43,百里南糖-沉迷学习无法自拔,User
entity44,老婆今年高考,User
entity45,南婷本婷,User
entity46,碗惜甜饼铺,User
entity47,倦春及,User
entity48,限时收藏家 ,User
entity49,夏至风信子,User
entity50,乐意沉默释放内心焰火,User
entity51,奶凶芽芽超可爱xx,User
entity52,你他爹的意大利泡,User
entity53,窝室尼大蝶养乐多,User
entity54,草莓冰养乐多,User
entity55,人脸相似自动检测匹配bot,User
entity56,奔北坡炮兵怕把标兵碰,User
entity57,要好好听哥哥的话,User
entity58,是河马姐姐,User
entity59,我好花心呀_,User
entity60,be霸奶茶三分甜,User
entity61,落日過後再逃跑,User
entity62,花果山唯一芝士蛋黄派_高考版,User
entity63,成年的裤衩是铠甲勇士,User
entity64,·爱的储蓄卡,User
entity65,-迷雾酒巷-,User
entity66,蓝鲸milkblister,User
entity67,九九九感冒灵99鸭,User
entity68,-lusiondow-,User
entity69,乐园追杀,User
entity70,晚花平水一湘清,User
entity71,阿轩轩的芝士欧包,User
entity72,译言小战,User
entity73,肾肾先生,User
entity74,伊丽莎白兔糖醋排骨,User
entity75,晚花平水一湘清 ,User
entity76,阿轩轩的芝士欧包 ,User
entity77,译言小战 ,User
entity78,·晚风落渝州·,User
entity79,·摇落一树星光·,User
entity80,蓝雾俊颜,User
entity81,桃汁戳奶啵,User
entity82,松枝茉莉MMariko,User
entity83,野菜平安喜乐xz,User
entity84,话唠壮宝宝,User
entity85,二喵兜里没有糖,User
entity86,野蛮生长小树苗,User
entity87,我想泡芙芙,User
entity88,OhhhhhhhUYeah,User
entity89,KIWIkook_,User
entity90,啵叽一口金碳,User
entity91,Qeuvkook_,User
entity92,甜果甜亨,User
entity93,杨二大哈哈,User
entity94,胖胖猪小妹·,User
entity95,为什么每天都好想睡觉啊,User
entity96,Falltohim-0608,User
entity97,玫瑰日落富士山-,User
entity98,源海航站区_R,User
entity99,有缘就来了48938,User
entity100,漫天星1213,User
entity101,刘昊宇烧开水,User
entity102,sijia737,User
entity103,-敢gan-,User
entity104,俞见洛阳,User
entity105,晚风吻星,User
entity106,·summerforever,User
entity107,王禁拽,User
entity108,游遍撒哈拉的多情大鹅,User
entity109,YX_semanticist,User
entity110,老徐快别打星际了,User
entity111,同声翻译樱桃羊,User
entity112,有钱苏苏,User
entity113,蜂蜜柚子糖有点苦,User
entity114,小铃铛-霖霖2,User
entity115,松饼就是松饼,User
entity116,小猪Eleanor,User
entity117,小柚柚柚子yuz_不到7不罢休,User
entity118,岛田脆司,User
entity119,干燥症候群,User
entity120,我的名字暂且叫故事-,User
entity121,我们说过要永远在对方身边,User
entity122,三少爷等等我,User
entity123,冬野春生,User
entity124,Phy_1128,User
entity125,我是落生,User
entity126,假装在采访,User
entity127,可可不剧荒,User
entity128,rui萁qi,User
entity129,小乔同学·,User
entity130,好喜欢你你你笑,User
entity131,粲然文钰妮妮,User
entity132,·讨厌剧透·,User
entity133,沐沐_zz,User
entity134,他乡听雨眠,User
entity135,漫天玲珑,User
entity136,七十五度量角器,User
entity137,Fungi君,User
entity138,史老柒,User
entity139,青忠贵,User
entity140,饮山中酒一醉千年,User
entity141,超话社区,User
entity142,-橙赴浪漫-,User
entity143,蝉鸣是窗外渐渐倒数的钟声·,User
entity144,·捣莓·熊,User
entity145,·椿莓水痕·,User
entity146,7号摩天轮-,User
entity147,范志红_原创营养信息,User
entity148,注册营养师齊小生,User
entity149,年年岁岁丸丸圆·高考版 ,User
entity150,时代少年团-刘耀文 ,User
entity151,冰淇淋是凉的所以没有热量,User
entity152,博士圈,User
entity153,吃瓜群众CJ,User
entity154,牙尖的南瓜,User
entity155,马嘉祺高考加油1212,User
entity156,·第七封信·,User
entity157,时代少年团队长-马嘉祺,User
entity158,黑肆writer,User
entity159,可以文化,User
entity160,浅鸢_Adeline ,User
entity161,荆年今年要上岸 ,User
entity162,秋色连波2010,User
entity163,Eebony,User
entity164,天涯历知幸,User
entity165,电影贩,User
entity166,candy_怡,User
entity167,丁楠酱,User
entity168,严禁辣菜,User
entity169,少谈恋爱·,User
entity170,·宋你进局子·,User
entity171,淞亚沐子,User
entity172,风雅颂汀,User
entity173,S小鱼儿吐泡泡,User
entity174,温柔寄居者_,User
entity175,-秋辞挽糖-,User
entity176,·桃雾甜颂·,User
entity177,·雾禹耀茄眠·,User
entity178,呼吸共存,User
entity179,日本零君,User
entity180,宅男宅女集中营,User
entity181,罗赛迩,User
entity182,·玫瑰航行·高考离线版,User
entity183,猫头鹰是海德薇,User
entity184,四劫循环好茄盒,User
entity185,阿庙庙,User
entity186,JSF和ISU今天破产了么,User
entity187,厌世气泡_____,User
entity188,我爱萌柚子,User
entity189,CC有猫吴蜀黍,User
entity190,字幕少女,User
entity191,今天Catherine找到自己的树了吗,User
entity192,武志红,User
entity193,绿妖绿妖,User
entity194,黄佟佟,User
entity195,水木丁,User
entity196,韩松落,User
entity197,追嗲精_高考版,User
entity198,安安今天也安安的,User
entity199,夏日向晚星,User
entity200,流氓手册_,User
entity201,浪漫收集指南,User
entity202,Moriipuppy-,User
entity203,你的汣淮,User
entity204,深度发觉-程以清,User
entity205,芜月序章,User
entity206,·春風渡江·,User
entity207,-卿綰-,User
entity208,不准时信鸽,User
entity209,拉郎之神选中的少女,User
entity210,富美天仔喊你回家吃饭 ,User
entity211,尸姐,User
entity212,今天Catherine找到自己的树了吗 ,User
entity213,冰淇淋是凉的所以没有热量 ,User
entity214,博士圈 ,User
entity215,吃瓜群众CJ ,User
entity216,牙尖的南瓜 ,User
entity217,放p把貓點了 ,User
entity218,A抽奖平台 ,User
entity219,虚荣心小鬼 ,User
entity220,龙丹妮的少女祈祷 ,User
entity221,爪爪-要梦想成真 ,User
entity222,桵棋檀 ,User
entity223,今渡百川 ,User
entity224,一包海苔 ,User
entity225,鸭鸭还是鸭鸭吖 ,User
entity226,小渊好乖 ,User
entity227,守护小狗手册 ,User
entity228,今渡百川,User
entity229,一包海苔,User
entity230,鸭鸭还是鸭鸭吖,User
entity231,小渊好乖,User
entity232,守护小狗手册,User
entity233,病娇的贺海楼,User
entity234,我心上的一颗星星,User
entity235,梦不落雨莲,User
entity236,小奶油羊,User
entity237,下蛋大鹅,User
entity238,高考状元岳声的葫芦,User
entity239,我们都爱学霸 #书法# 五福临门的五福是指：寿富康德善 #北京奥运会##福#娃 #北京冬奥##冬奥##开幕式# #北京2022年冬奥会# #立春#,User
entity240,藉故松開我的手,User
entity241,放p把貓點了,User
entity242,A抽奖平台,User
entity243,·小錢同桌位·,User
entity244,·来点爱情浇灌我,User
entity245,我跑路了_,User
entity246,你是年少的欢喜,User
entity247,BlackDreamland,User
entity248,KL_Sep_23,User
entity249,咱喜欢富婆,User
entity250,屁屁的夏日羊,User
entity251,Edenmy_Dori,User
entity252,雾眠无尽时,User
entity253,郭德刚关门弟子,User
entity254,懒得让路,User
entity255,心动博主-,User
entity256,neverone_,User
entity257,小狗斯特,User
entity258,临亓2022高考加油,User
entity259,凯瑟蚊想逃离地球,User
entity260,这是一个很高冷的ID,User
entity261,成都市精神内科副主任,User
entity262,巴斯小板,User
entity263,先说一半,User
entity264,水野眠眠,User
entity265,NNNnees,User
entity266,周十二z,User
entity267,草莓莓有不开心,User
entity268,丘比妹奶渍,User
entity269,天秀bot,User
entity270,易烊千玺你说讨不讨厌,User
entity271,苏柯拉底,User
entity272,-你果然,User
entity273,小凌不是小零_,User
entity274,多次拒绝人好·,User
entity275,想不到要取什么ID,User
entity276,S-你的陸同學Y,User
entity277,贝弹超市,User
entity278,噗尺,User
entity279,春序序序高考版_,User
entity280,-轻松小熊吃冰糕-,User
entity281,-树染霏沫-,User
entity282,挽彤,User
entity283,仿佛明暗山,User
entity284,桜浔半夏祭,User
entity285,你拳爹,User
entity286,山桃柏桧,User
entity287,局部地区有咸鱼 ,User
entity288,群山静夜奔腾 ,User
entity289,我爱祖国礼仪之邦 ,User
entity290,困到不想写作业,User
entity291,别可爱了_,User
entity292,阿史那莪_,User
entity293,一只羊的小胖子,User
entity294,MILLION-XX,User
entity295,边耶奶茶,User
entity296,二維海胆,User
entity297,·小王子和葡萄藤·,User
entity298,-菱一一,User
entity299,小铭小亚高考必胜set努力版,User
entity300,树莓啵熊,User
entity301,泥在做甚_,User
entity302,怀柔区第一顶流白rap,User
entity303,空城曲像,User
entity304,Aimer9_,User
entity305,水墨丹青皆不如你人间绝色,User
entity306,LilSleepless,User
entity307,忒煞情多-,User
entity308,amy为你转身,User
entity309,踩着梦的小月亮,User
entity310,北北铃,User
entity311,茉_小酒馆有柠檬精,User
entity312,清秋Musical,User
entity313,东篱家的汤杯,User
entity314,白糖包子好甜,User
entity315,今天也是想暴富的滢菏,User
entity316,楠楠思语在A,User
entity317,咕嘟后有点头晕,User
entity318,谢耳朵家里的费曼,User
entity319,老道怂了,User
entity320,柴凤珍,User
entity321,看得见的历史,User
entity322,2022年山东省高考状元,User
entity323,FreedomHil,User
entity324,Marigold0123,User
entity325,相逢一曲为君吟,User
entity326,星球慢步,User
entity327,嗑糖手杰克 ,User
entity328,庚子年腊月初九子丑 ,User
entity329,月亮送你了,User
entity330,栀子浅川-Morii,User
entity331,你赶紧滚,User
entity332,工作室小胖蛋妮,User
entity333,蝶觅月见栖,User
entity334,大耳朵图图711,User
entity335,人间四月天_小赞,User
entity336,渝城灯火·,User
entity337,白日和梦·,User
entity338,悍匪恶霸hanfeieba,User
entity339,Hg_Shiva今年还是小鹰厨,User
entity340,冬亚,User
entity341,呜哩叽哩啦,User
entity342,fagnl,User
entity343,青桃集,User
entity344,换个昵称居然都被抢了,User
entity345,命理师枕星河 ,User
entity346,狂喝九珍,User
entity347,顾硬硬很软,User
entity348,月珈木樨,User
entity349,陈潇月summer,User
entity350,Hiraeth_Jp,User
entity351,静默冬色,User
entity352,孙彩瑛雄难过美人关,User
entity353,半夜拉屎没人吃,User
entity354,香辣鸡腿憨包宝,User
entity355,勿怪幸,User
entity356,我露逼因为这是我的逼,User
entity357,成功人生淡然若水,User
entity358,粉妈拿格莱美了没,User
entity359,Uaiwei,User
entity360,河南校园圈儿,User
entity361,haoyunYuzu-,User
entity362,-Kieed-,User
entity363,千凉凉凉子,User
entity364,-Ehrde-,User
entity365,这是一个菇,User
entity366,超正经东叔,User
entity367,-罐儿-,User
entity368,纱布蓝,User
entity369,重工组长于彦舒 ,User
entity370,木shiyo ,User
entity371,xiao葉有囍 ,User
entity372,A岛-匿名版 ,User
entity373,今日二十不打烊,User
entity374,灯塔上吃瓜,User
entity375,嗮太阳的加菲,User
entity376,春树暮云一盏风 ,User
entity377,·一颗小树· ,User
entity378,健力宝Y,User
entity379,摇啊尧,User
entity380,琴韵女孩,User
entity381,shirely19901204,User
entity382,兔酱推子,User
entity383,塔可万岁_ ,User
entity384,A股气氛组 ,User
entity385,猪陈陈吖,User
entity386,是小秦不是小覃,User
entity387,港城长腿兔饲养员小粉红,User
entity388,嗲宁戴嗲表嗲宁开嗲车,User
entity389,乐园追杀 ,User
entity390,博要吃面包,User
entity391,-Forrrrr-,User
entity392,莫心默沫沫,User
entity393,好幸运遇见你_,User
entity394,泠魅201412,User
entity395,史老柒 ,User
entity396,青忠贵 ,User
entity397,Maman_de_lapin,User
entity398,周圆圆zd,User
entity399,旺仔小顺子,User
entity400,兔兔好可爱DAYTOY,User
entity401,回忆专用小马甲,User
entity402,larineh,User
entity403,维多梨鸭Victoria,User
entity404,是想拥有好运气的土,User
entity405,Sean千里,User
entity406,不吃吸吸果冻,User
entity407,30M莫得钱,User
entity408,Xuan0303yuan,User
entity409,XtodaG,User
entity410,zizi·z,User
entity411,洛清伊丶,User
entity412,庚寅宝宝,User
entity413,旺旺仔仔牛牛奶,User
entity414,唯有杜康wydk,User
entity415,fouraperomo,User
entity416,fiona_niko,User
entity417,虚空予风,User
entity418,可乐加2块烤翅,User
entity419,Tracy_周,User
entity420,KEepMEIntheMInd,User
entity421,iiisNNN,User
entity422,江湖真可怕,User
entity423,小玺是嗲精,User
entity424,-六月琛-,User
entity425,悠哈悠哈哈,User
entity426,悬空着梦想的19岁,User
entity427,小雨点aa,User
entity428,山城小肥崽,User
entity429,我馋TFB也不是一天两天了,User
entity430,觅迹星星,User
entity431,悄悄肖肖月,User
entity432,·糯米糖葫芦·,User
entity433,ztsoya,User
entity434,顺走小泽,User
entity435,火星人虾虾1005,User
entity436,S_JRTAMONGION,User
entity437,洗尘归寂,User
entity438,粥粥想吃掉小菜,User
entity439,季风号苏打,User
entity440,杨枝甘露第二名,User
entity441,白春色,User
entity442,季风号苏打 ,User
entity443,想喝茶百道_,User
entity444,与热爱并进,User
entity445,渝州造梦家,User
entity446,夜晚失信,User
entity447,源汤面达人,User
entity448,1公主如何垂直下楼,User
entity449,狱女小宝,User
entity450,警花陈宇小保镖,User
entity451,叉烧狗宝,User
entity452,koreansles-,User
entity453,Un-Litchi,User
entity454,轮夏_,User
entity455,龙丹妮的少女祈祷,User
entity456,重生之我是高贵路人,User
entity457,我不是刘二妹,User
entity458,所念皆鑫河,User
entity459,桃花酿可可,User
entity460,kyoueon,User
entity461,angel安淇儿,User
entity462,Jerk冻人,User
entity463,Kim智仁,User
entity464,重生之我是宁艺卓 ,User
entity465,yurikoIshida ,User
entity466,沪联网顶鹅 ,User
entity467,顶书过河,User
entity468,小动物能有什么坏心眼,User
entity469,发54e大财,User
entity470,梦想优等生,User
entity471,饭圈安利鹅,User
entity472,霖酱jiojio,User
entity473,托尼又想炒饼了,User
entity474,一位無糖选手,User
entity475,无糖车厘,User
entity476,声音超大,User
entity477,楼里偷小孩儿的,User
entity478,余季塘,User
entity479,街坊看见,User
entity480,yurikea,User
entity481,圈圈卷卷口口,User
entity482,今年我滚雪了没 ,User
entity483,五行属二 ,User
entity484,你他媽在逗我麽 ,User
entity485,M大王叫我来巡山 ,User
entity486,江南大野花 ,User
entity487,狐弋弋,User
entity488,贽人,User
entity489,栖枝渡鸦,User
entity490,鹿巻,User
entity491,是你的索玛哥哥,User
entity492,Decino爱情日记,User
entity493,梦游水母,User
entity494,瞎他妈的爱情不爱情的,User
entity495,妖娆男,User
entity496,阿熵今年还在瑟瑟维姐尔,User
entity497,阿文饮果茶,User
entity498,乱铁,User
entity499,乌云小今年瘦三十斤,User
entity500,internet-garcon-pdf,User
entity501,-晾衣架练瑜伽-,User
entity502,-佳儿呢-,User
entity503,我们都爱学霸 #书法# 五福临门的五福是指：寿富康德善 #北京奥运会##福#娃 #北京冬奥##冬奥##开幕式# #北京2022年冬奥会# #立春# #今日立春冬奥开幕# ,User
entity504,六出派对,User
entity505,Sapling6,User
entity506,港岛猪包,User
entity507,霖霖高考冲啊,User
entity508,山山vvv,User
entity509,夜弦等回音,User
entity510,统统统统爱Molly,User
entity511,-Brot-,User
entity512,Gdragon小跑腿,User
entity513,拇指大姐姐,User
entity514,-胖琪琪-,User
entity515,然然2022高考加油呀,User
entity516,墨水six_,User
entity517,小苦瓜爱吃火锅,User
entity518,布瓜姐在搞钱,User
entity519,谲里谲气qiz,User
entity520,亞軒家的爆米花,User
entity521,贝不挞贝挞,User
entity522,_银河岛屿,User
entity523,小初恋炸记,User
entity524,小洋卷卷_,User
entity525,十七里长街,User
entity526,-山野颂诗簿-,User
entity527,Eviloers,User
entity528,坐上AE86副驾驶-,User
entity529,屠家孩子横空出世,User
entity530,柑橘森林_,User
entity531,椿桃周刊-高考版,User
entity532,默言sunny浅微,User
entity533,月亮不上趟,User
entity534,还叫小特工,User
entity535,粥星拌麻辣烫叻,User
entity536,今日还是想不出名字,User
entity537,液体输入,User
entity538,京城展記,User
entity539,普通药品 ,User
entity540,oh1o- ,User
entity541,泠漪_荣耀永不落幕,User
entity542,堇然槿橪,User
entity543,唐熙希的春天,User
entity544,鞠婧祎应援会官微,User
entity545,鞠婧祎,User
entity546,神也爱亚,User
entity547,初恋宇宙·,User
entity548,我不知道取啥网名,User
entity549,不熬夜了辣,User
entity550,熊不大icon,User
entity551,Pluto_清影,User
entity552,笑不出来就不笑了,User
entity553,曲奇香奶兔,User
entity554,万人米米蛋,User
entity555,筱禧玺欢千千,User
entity556,洪洪霍霍,User
entity557,翦笳,User
entity558,就要吃冰淇淋,User
entity559,DwingDwing,User
entity560,-今年涩涩,User
entity561,三日热卖,User
entity562,阿菲今年要加多少班,User
entity563,秒删玻璃心卷舌小王子,User
entity564,咸贵人,User
entity565,赵大宝,User
entity566,飞机稿阿Gin,User
entity567,西山人质,User
entity568,闲情挽歌,User
entity569,气运联盟-不吃威化,User
entity570,妖魔鬼怪快离开2022年版,User
entity571,婕就是女王,User
entity572,高雅的的土豆地雷,User
entity573,Vortio ,User
entity574,希姐的忘记密码 ,User
entity575,不想可爱啦·,User
entity576,解剖SK,User
entity577,霖霖高考冲鸭,User
entity578,刘耀文女朋友的A,User
entity579,去钓小龙虾啦,User
entity580,今天刮暴风雪了嘛,User
entity581,海绵宝宝不好吗,User
entity582,钮祜禄辰时蘭熙,User
entity583,刺头11,User
entity584,黑魔仙狗勾,User
entity585,那一天我看了四十四次日落,User
entity586,瑶碧丹华,User
entity587,福大建院-惠叔,User
entity588,,User
entity589,·玫瑰艺术家·,User
entity590,不叫咩,User
entity591,·奶油草莓酥w·,User
entity592,是1男哇,User
entity593,他只是个孩子啊,User
entity594,七分愉悦,User
entity595,蔚花雨景,User
entity596,老凌打下雷,User
entity597,多巴胺呐呢,User
entity598,_去冰加糖_,User
entity599,喵喵喵喵儿呜,User
entity600,碗盆記錄儀_,User
entity601,不易慕斯,User
entity602,地球逃逸计划,User
entity603,肉松包已婚版,User
entity604,7594912812_654,User
entity605,芒果牛奶龟苓膏,User
entity606,髭切的裤裆为什么那么白,User
entity607,A盒装奶牛猫牛奶O,User
entity608,暴暴_好心情,User
entity609,壳子肉干拖延战线不舔少年不能活,User
entity610,Soraha_,User
entity611,芝士奶盖红茶厨,User
entity612,-仓鼠妹子-,User
entity613,丹麦曲奇alter,User
entity614,流沙奶黄菠萝包,User
entity615,肚子好鸡儿饿,User
entity616,耀耀冰不冰-,User
entity617,文宝儿在你头上暴扣,User
entity618,白桃恋爱刊,User
entity619,我们都爱学霸 #书法# 五福临门的五福是指：寿富康德善 #北京奥运会##福#娃 #北京冬奥##冬奥##开幕式# #北京2022年冬奥会# #立春# #今日立春冬奥开幕#,User
entity620,蔡徐坤有点甜_,User
entity621,刘哔电影,User
entity622,我问你今天是周五吗,User
entity623,·少一些烦恼·,User
entity624,田园里的甜品店,User
entity625,易人去旅行,User
entity626,李富强Jason,User
entity627,梁博penny,User
entity628,空旷的荒原,User
entity629,和善密语-思,User
entity630,战歌迎来东方红,User
entity631,大猪咪的小老虎尾巴,User
entity632,lojkkk,User
entity633,亖筒,User
entity634,九分眠-,User
entity635,米菲穿着小马甲,User
entity636,滚刀柚子茶,User
entity637,-唯Tu-,User
entity638,-SumEry-,User
entity639,-木昆昆-,User
entity640,鱼自律目垂_,User
entity641,瓶邪乃天道,User
entity642,wuli小金条,User
entity643,好运冰淇淋,User
entity644,深海镜ovo,User
entity645,月亮星云_,User
entity646,自拍教科书,User
entity647,只期待有钱的肖裙子,User
entity648,荐见,User
entity649,程序员邹欣,User
entity650,高坡坡123,User
entity651,山莨菪碱一定要上岸,User
entity652,顺顺利利平安喜乐1005,User
entity653,咬口芝士蛋糕,User
entity654,新世纪高考战士,User
entity655,新晋鱼仙十八 ,User
entity656,KetherBinahTiphareth,User
entity657,KiligEternity ,User
entity658,lin铛响铃铛 ,User
entity659,白堕曲生 ,User
entity660,狼-桃,User
entity661,月照花琳奥贝龙沉了 ,User
entity662,ieaber ,User
entity663,张批话 ,User
entity664,北方拉拉藤 ,User
entity665,微路 ,User
entity666,孤游意 ,User
entity667,鱼魚渔漁yua,User
entity668,层楼lou,User
entity669,仿生笨蛋,User
entity670,小温不是暴躁姐,User
entity671,今年能看到龙飞和阳阳吗,User
entity672,Luci_YUZU,User
entity673,宴宴好乖,User
entity674,文功儿,User
entity675,w比狗还困,User
entity676,D麦当当,User
entity677,永远不吃南瓜,User
entity678,国风美少年高桥,User
entity679,滑进你的水管,User
entity680,明智小五籣,User
entity681,怎么又掉头发了_-,User
entity682,无时五颗_高考版,User
entity683,韩橘柚,User
entity684,石坝楼爬梯-金榜题名版,User
entity685,疏林伴阳,User
entity686,松岛蛋黄酱,User
entity687,·年风吹晚城·,User
entity688,爪爪-要梦想成真,User
entity689,鼻炎滚出拆那,User
entity690,邓飞,User
entity691,2019的EE,User
entity692,MIRACLEppears,User
entity693,Strawberrymilkyyy,User
entity694,AKA-反抗,User
entity695,荷兰豆本豆豆荷,User
entity696,啊月茉,User
entity697,-牛奶软糖-,User
entity698,柠檬橘1108,User
entity699,王源哥哥的守护使者,User
entity700,好喜欢丸圆你吖,User
entity701,源代码_SourceCode,User
entity702,TFBOYS-王源,User
entity703,暝九,User
entity704,北海朝阳_和寒假作业斗智斗勇版,User
entity705,我好花心呀_ ,User
entity706,be霸奶茶三分甜 ,User
entity707,落日過後再逃跑 ,User
entity708,花果山唯一芝士蛋黄派_高考版 ,User
entity709,成年的裤衩是铠甲勇士 ,User
entity710,·爱的储蓄卡 ,User
entity711,-迷雾酒巷- ,User
entity712,蓝鲸milkblister ,User
entity713,九九九感冒灵99鸭 ,User
entity714,-lusiondow- ,User
entity715,小张真的真的不想起床,User
entity716,火红眼疾_,User
entity717,芥火伽马,User
entity718,某真祖CR1,User
entity719,几把猫咪特异点,User
entity720,这羊癫疯花也苔富营养了吧,User
entity721,_忘_归_,User
entity722,Jackie开心就完事儿了,User
entity723,一只想rua猫的兔子,User
entity724,OKEIIIII,User
entity725,高级项目遇到困难了嘛,User
entity726,心外無物CV,User
entity727,江南大野花,User
entity728,超正经东叔我拿着750W呆住了,User
entity729,cn控看书吐槽专用,User
entity730,飞鱼奥特曼,User
entity731,Qwertywhyyyyyy,User
entity732,淚水快流穿我的粉紅墨鏡,User
entity733,-Flanriod-,User
entity734,栀子浅川-Morii ,User
entity735,KIWIkook_ ,User
entity736,啵叽一口金碳 ,User
entity737,Qeuvkook_ ,User
entity738,甜果甜亨 ,User
entity739,杨二大哈哈 ,User
entity740,重工组长于彦舒,User
entity741,科技深度IN,User
entity742,本雅明年表,User
entity743,灯灰冬雪夜长,User
entity744,白桃绿茶不加冰,User
entity745,燕子飞时1111,User
entity746,考试一定可以说过就过,User
entity747,权铉1148,User
entity748,盐粒粒粒粒_ ,User
entity749,fouraperomo ,User
entity750,屈楚萧 ,User
entity751,YY的大哥,User
entity752,扔一棵菜花- ,User
entity753,随意有个性 ,User
entity754,文明人不讲脏话 ,User
entity755,请叫我宝宝好帅 ,User
entity756,麋鹿森林不迷路· ,User
entity757,群山静夜奔腾,User
entity758,北冥有鱼其名尔玉,User
entity759,帮他养猫,User
entity760,霸道大锤爱上我,User
entity761,腐格格,User
entity762,illuminatemyheart,User
entity763,一碗油茶-,User
entity764,·桃沢千雪·,User
entity765,颂月诗笺,User
entity766,午夜emo闹钟,User
entity767,咔兔来口凰焖吉吧,User
entity768,大哥别封是我啊,User
entity769,山无言大师_808,User
entity770,今天学习高数了吗-,User
entity771,我是一只平平无奇的独角兽,User
entity772,yoshimiya吉見,User
entity773,小魚奶芙芙_,User
entity774,尼的贤娜酱,User
entity775,不熬夜奶奶,User
entity776,·喜欢帅哥美女·,User
entity777,·-云间奇妙会会,User
entity778,-梅川苦茶-,User
entity779,叮铃铃昭绘玹-,User
entity780,易先生的细水长流,User
entity781,起霧星球_orb,User
entity782,·热恋潮汐锁定·,User
entity783,·夏日星辰·,User
entity784,一生寄望的远方RrrRrRvinstar,User
entity785,荑莘_,User
entity786,Rb1esaer-,User
entity787,QING2019,User
entity788,深圳宁南山,User
entity789,番薯卷胡萝卜,User
entity790,Avery_潇茉,User
entity791,岂原羊见,User
entity792,桃汁戳,User
entity793,我们向前走ing,User
entity794,淡墨溪光,User
entity795,射手风轻云淡-21,User
entity796,Memory半夏·,User
entity797,拼之拼,User
entity798,户用的假,User
entity799,旳--,User
entity800,折原閑也,User
entity801,恰饭老蘼,User
entity802,泉华,User
entity803,MIC阿苏Wren,User
entity804,與妳握手,User
entity805,紫红逃匿,User
entity806,_HighestInTheRoom_,User
entity807,黎明海岸·Cantabile,User
entity808,小镇里的路路 ,User
entity809,猫头鹰是海德薇 ,User
entity810,四劫循环好茄盒 ,User
entity811,阿庙庙 ,User
entity812,LiebeAnika,User
entity813,好好学习天天向上VV,User
entity814,长的丑还毒舌的凉凉就是污妖王,User
entity815,2号拉斐尔,User
entity816,九不搭八w ,User
entity817,拖延症在逃患者,User
entity818,我爱萌柚子 ,User
entity819,CC有猫吴蜀黍 ,User
entity820,字幕少女 ,User
entity821,凯·I-LOVE-CFC·哈弗茨,User
entity822,凛冬航游--高考必胜版,User
entity823,孤儿都滚出我担gc,User
entity824,·莓果初恋記·,User
entity825,原画窝囊废,User
entity826,囧兰胸-今天辱骂DC了吗,User
entity827,琉琉塔-OyongyongO,User
entity828,不正经狗勾,User
entity829,初恋魚·宋Pro,User
entity830,·为轩颂情诗·宋Por版,User
entity831,小熊洗澡水,User
entity832,不接受管教,User
entity833,躺一天也不累,User
entity834,别放臭屁,User
entity835,是一只鸭梨_,User
entity836,风和罐头,User
entity837,南珂一梦_Mk,User
entity838,彼此陪伴成长的岁月,User
entity839,小符这方面是专家,User
entity840,ccbabebbo3o,User
entity841,馒力猪击,User
entity842,中二小丸·,User
entity843,领导我想吃辣条,User
entity844,凍月_TTK,User
entity845,啵崽·幼稚园,User
entity846,是王狒狒噢,User
entity847,高考文综下册半价,User
entity848,国米妮,User
entity849,宣和一人 ,User
entity850,重生之我是宁艺卓,User
entity851,是你的花花花花花花,User
entity852,Jackie开心就完事儿了 ,User
entity853,一只想rua猫的兔子 ,User
entity854,OKEIIIII ,User
entity855,sijia737 ,User
entity856,-敢gan- ,User
entity857,ouvrelesguillemets,User
entity858,果粒果粒Gloria,User
entity859,迷路道南,User
entity860,蹄花儿汤大王,User
entity861,札幌初寒_,User
entity862,这有什么稀奇哪次不是这样,User
entity863,1874km,User
entity864,阿啵罗十一号,User
entity865,夏目家的小诗哥,User
entity866,老残残残残残残残-,User
entity867,柴子_CHAI,User
entity868,翎晚晚晚晚晚,User
entity869,_麟九_,User
entity870,梅小团库小呆蒂小宝,User
entity871,七七7527051247,User
entity872,阿浪一定要追到阿零 ,User
entity873,梅西不生女儿不改名 ,User
entity874,皇帝的新号_今年高考版,User
entity875,瞎劲磕磕,User
entity876,瓦萨米mi,User
entity877,-PEIR-,User
entity878,LiebeAnika ,User
entity879,闲情挽歌 ,User
entity880,憨憨好吃吗,User
entity881,一顾城南小陌,User
entity882,天然呆的小冬瓜,User
entity883,小银子多,User
entity884,雨后兔芽,User
entity885,肥嘟嘟大胖虎子,User
entity886,京生请多指教呀,User
entity887,大尾巴橘猫,User
entity888,素面桃香,User
entity889,与你相薇,User
entity890,就是个妞呀,User
entity891,恍如夏日晚风_,User
entity892,吹过你的晚风算相拥,User
entity893,神气兔宝,User
entity894,·出了名的毒奶,User
entity895,欧耶就欧耶,User
entity896,杨枝甘露第二名 ,User
entity897,白春色 ,User
entity898,香蕉草莓SMOOTHIE,User
entity899,青月-咸鱼期,User
entity900,涮羊肉店在逃麻酱,User
entity901,鸽以修身咕咕景,User
entity902,粗药药,User
entity903,路禾盐祺_高考冲刺中,User
entity904,恋爱小甜事,User
entity905,黄濑濑濑濑,User
entity906,制杖少年暮大白,User
entity907,sasasasa哈哈哈哈 ,User
entity908,眼儿媚滴春 ,User
entity909,零的艾滋,User
entity910,dr35705,User
entity911,Punk_19,User
entity912,小董AI0,User
entity913,我好喜歡嚴浩翔,User
entity914,一位猫团,User
entity915,我在等风祺_,User
entity916,正牌幽翅蝇,User
entity917,Ayurvey,User
entity918,吴琼琼爱画画,User
entity919,吹二不寒杨柳风 ,User
entity920,MAGI_团子 ,User
entity921,吴琼琼爱画画 ,User
entity922,西窗随记,User
entity923,雷韵ly,User
entity924,番石榴阿措,User
entity925,麻一A,User
entity926,北方拉拉藤,User
entity927,熊熊2022努力装人,User
entity928,暖Boy推剧,User
entity929,来一杯冰阔乐吗,User
entity930,nanashisaboten,User
entity931,我的愛人法兰西_,User
entity932,应桃晓玩紫,User
entity933,浅黄一下,User
entity934,用户25443071212,User
entity935,严禁耀娆,User
entity936,只会咕噜咕噜的鱼,User
entity937,桃园不奈生 ,User
entity938,不还是桃子乌龙茶吗之校考全过版 ,User
entity939,狗鼻子過敏 ,User
entity940,我还是原来的我么么 ,User
entity941,雘雘子,User
entity942,-華小路-,User
entity943,英语高考必备修订版,User
entity944,浪里赤条小粗林,User
entity945,库珀太太,User
entity946,咖喱鱼勇往直前,User
entity947,-AsuraHu-,User
entity948,鲨鲨鲨,User
entity949,甜蜜特脆奶油豆,User
entity950,SOMnambulist______,User
entity951,·重氢胶片云,User
entity952,新的一年要多吃麻辣烫 ,User
entity953,不知有岸 ,User
entity954,荷兰女票 ,User
entity955,番茄土豆牛肉烧,User
entity956,亚哩嘀啦呀DAYTOY,User
entity957,优优优-优秀 ,User
entity958,弹幕时间plus ,User
entity959,酒窝蜜桃Daisy,User
entity960,摩西不听话,User
entity961,云i10041005,User
entity962,王春彧,User
entity963,-WENKEOO,User
entity964,A股气氛组,User
entity965,野生且荔枝66,User
entity966,PWGW_dbandcrazy,User
entity967,Construal,User
entity968,银河系也欢喜严浩翔,User
entity969,92猴的人间值得,User
entity970,沛纳海的核桃,User
entity971,有来有去agz,User
entity972,小兔子的Seanfly,User
entity973,心中开满花forever,User
entity974,_Mondaufgang_,User
entity975,卡拉阳昊,User
entity976,我爱多吃肉,User
entity977,丿人大木禾,User
entity978,好好吃的原味薯片,User
entity979,思影切,User
entity980,小赞去抓水母吧,User
entity981,勇敢小炮,User
entity982,江浙第一裴猪泫疯少女,User
entity983,anhtwyu,User
entity984,我的齿轮和沙发,User
entity985,长江国际十八楼团霸cc,User
entity986,花不会在任何时候为我开,User
entity987,千帆过尽雪依然,User
entity988,野桃DAYTOY,User
entity989,云枳陌陌,User
entity990,用户7606962992种胡萝卜,User
entity991,知安Gentle,User
entity992,彡月十一,User
entity993,小水果灵机一动,User
entity994,喜脉洗脉,User
entity995,文科班校花酱,User
entity996,太皇太后您有喜啦,User
entity997,少吃一只蛋挞-,User
entity998,广东台触电新闻,User
entity999,KamHeungKin,User
entity1000,桃红又见一年春,User
entity1001,我们都爱学霸 #书法# 五福临门的五福是指：寿富康德善 #北京奥运会##福#娃 #北京冬奥##冬奥##开幕式# #北京2022年冬奥会# #立春# #今日立春冬奥开幕# //,User
entity1002,申之缘1 ,User
entity1003,Tiffanyy啦啦,User
entity1004,董加永命学,User
entity1005,Daphne_时光的半边脸ll,User
entity1006,Vortio,User
entity1007,希姐的忘记密码,User
entity1008,知世今年要高考,User
entity1009,鱼丸杂货铺-,User
entity1010,我露逼因為這是我的逼 ,User
entity1011,成功人生淡然若水 ,User
entity1012,粉媽拿格萊美了沒 ,User
entity1013,捧花飞起来,User
entity1014,芝麻糊了吧,User
entity1015,华枝春满-天心月圆,User
entity1016,KwangBae的小抱枕,User
entity1017,姜宝儿不想和别人重名,User
entity1018,予君卿悦,User
entity1019,林果林果,User
entity1020,极昼飞行船-,User
entity1021,请放下苹果,User
entity1022,热水养花BEAUTY,User
entity1023,任胤蓬亖权甲养乐多,User
entity1024,你又想到养乐多了吗,User
entity1025,雲雲栗猫和-,User
entity1026,我晕晕了哦,User
entity1027,·松果日记·,User
entity1028,许白月夜舟-热爱生活版,User
entity1029,严禁辣菜 ,User
entity1030,少谈恋爱· ,User
entity1031,·宋你进局子· ,User
entity1032,淞亚沐子 ,User
entity1033,风雅颂汀 ,User
entity1034,S小鱼儿吐泡泡 ,User
entity1035,温柔寄居者_ ,User
entity1036,-秋辞挽糖- ,User
entity1037,·桃雾甜颂· ,User
entity1038,·雾禹耀茄眠· ,User
entity1039,呼吸共存 ,User
entity1040,厌世气泡_____ ,User
entity1041,啊啾啾了个银糖糖,User
entity1042,阿战1005,User
entity1043,蒋昀霖 ,User
entity1044,晚揽星,User
entity1045,缘来如此迷上你,User
entity1046,24K纯_JJ,User
entity1047,司徒踏星,User
entity1048,蜜糖爆炒虾球,User
entity1049,婲是腰花的妖,User
entity1050,高考三位6打头,User
entity1051,_Y1G0,User
entity1052,臻藏星海,User
entity1053,桃胶梨子,User
entity1054,-FakeLee,User
entity1055,微雨霁初,User
entity1056,万能的大熊,User
entity1057,最近我有一个梦想,User
entity1058,异色奇迹,User
entity1059,凸言凸语202006,User
entity1060,bbnnzzssll,User
entity1061,雾星纪昼·高考版,User
entity1062,想音讯,User
entity1063,秋风卷意,User
entity1064,海醉日落,User
entity1065,·太太口服液·,User
entity1066,_逗逗w,User
entity1067,奇葩童小童,User
entity1068,栗子君_LizLiz,User
entity1069,王蛇-OUJYA,User
entity1070,奶酪蜜恋星球,User
entity1071,张杨不张扬L ,User
entity1072,出色小叶很出色 ,User
entity1073,不加糖的PPSUCer9han ,User
entity1074,怀柔在逃公主呢 ,User
entity1075,-Aiztyy· ,User
entity1076,橙汁洒水车 ,User
entity1077,九度冰_ ,User
entity1078,初亭若须弥 ,User
entity1079,见习爱曲 ,User
entity1080,我举小河鱼- ,User
entity1081,老公老婆天下第一好 ,User
entity1082,爱掉金豆豆- ,User
entity1083,·恋漫春日宴· ,User
entity1084,兔兔爱喝萝卜汁DayToy,User
entity1085,苍南派,User
entity1086,妖妖小精,User
entity1087,屈楚萧：对不起 我回错帖子了 这什么破ui啊,User
entity1088,BB芽芽,User
entity1089,过曝哆普勒,User
entity1090,春风和煦xn,User
entity1091,格兰芬多公共休息室,User
entity1092,神北小毬_自称宇宙第一fourze厨 ,User
entity1093,喵喵桑爱妙鲜包,User
entity1094,张奶霞,User
entity1095,想在金曲歌后的眼睛裡墜落,User
entity1096,甄会说笑,User
entity1097,与拖延症决一死战,User
entity1098,茅淬林及 ,User
entity1099,是嘶鸣啊,User
entity1100,魔法少年小白 ,User
entity1101,炸天炸地的九初 ,User
entity1102,木人从众从人舍 ,User
entity1103,是姜丁丁丁丁酱 ,User
entity1104,maje卷饼,User
entity1105,小烊日记册,User
entity1106,real兰曦,User
entity1107,少年影视剧,User
entity1108,少放臭狗屁,User
entity1109,·予你阑珊·,User
entity1110,少女情怀总是诗1999,User
entity1111,弯腰吻你·,User
entity1112,仲夏入渝,User
entity1113,凯系男友,User
entity1114,欣岳小眠曲-,User
entity1115,小雨喜欢葡萄柚,User
entity1116,·柒号音乐盒·,User
entity1117,北极玩家,User
entity1118,·睡眠千层,User
entity1119,雾眠橘歌_,User
entity1120,超想吃薯片喔,User
entity1121,牵着手看海·,User
entity1122,八十三啊,User
entity1123,木登子切橙子,User
entity1124,我露逼因为这是我的逼 ,User
entity1125,粉妈拿格莱美了没 ,User
entity1126,鹿说致爱,User
entity1127,奶晗啵啵脆,User
entity1128,无预谋恋鹿,User
entity1129,绮鹿眠月,User
entity1130,长生果果炖枫哥,User
entity1131,-落日玫瑰星云-,User
entity1132,卟茶奶曜,User
entity1133,壃尸,User
entity1134,逃逸赛博噩梦,User
entity1135,兔吉-go ,User
entity1136,罐头辰 ,User
entity1137,来一杯冰阔乐吗 ,User
entity1138,凯凯要天天开心呀,User
entity1139,嘿高考顺利c,User
entity1140,今年我滚雪了没,User
entity1141,五行属二,User
entity1142,你他媽在逗我麽,User
entity1143,M大王叫我来巡山,User
entity1144,一群甜甜伦,User
entity1145,日高花影长,User
entity1146,太橘大仙,User
entity1147,今年要减肥的妞,User
entity1148,李子的围脖,User
entity1149,透明小糕糕,User
entity1150,Tiger公子,User
entity1151,狐狸渊,User
entity1152,今天也爱一枝花,User
entity1153,阿no内,User
entity1154,可爱的外表下一定隐藏着什么,User
entity1155,治愈系-夏目友人帐,User
entity1156,夏正正,User
entity1157,呀是我我呀呀呀,User
entity1158,路远201904,User
entity1159,任胤蓬 ,User
entity1160,蓬蓬养乐多了没,User
entity1161,辣味黄油-旺旺仙贝版,User
entity1162,苗苗小Vii,User
entity1163,happyshhl,User
entity1164,请叫我蝙蝠猫猫侠,User
entity1165,ssr千梦,User
entity1166,林深莨笑,User
entity1167,平地一声,User
entity1168,汤罐头1992,User
entity1169,木之玙,User
entity1170,Jason玺 ,User
entity1171,抖腿之神,User
entity1172,光年HANG,User
entity1173,九个艾特,User
entity1174,许愿没有烦恼-,User
entity1175,侠客行_不行,User
entity1176,春生的肖麻麻,User
entity1177,女巫驺虞鱼,User
entity1178,故园湾里,User
entity1179,妇女之敌罗严塔,User
entity1180,忘忘仙被,User
entity1181,单Niel ,User
entity1182,葡萄西米鹿·备战高考版,User
entity1183,M鹿M,User
entity1184,·即刻逃离,User
entity1185,夏日狙击手,User
entity1186,Bourbon0000,User
entity1187,蜜桃乌龙加碎冰,User
entity1188,装一口袋白云,User
entity1189,恋真赴音录,User
entity1190,愤怒高中妹妹,User
entity1191,原装老爹,User
entity1192,欢乐11,User
entity1193,ViViAnTann-_,User
entity1194,Rsud,User
entity1195,信号不打烊,User
entity1196,茶辞沐冉,User
entity1197,MyMikrokosmos_莲花池版,User
entity1198,涸十得桃,User
entity1199,西门郄邺,User
entity1200,人类nt精华,User
entity1201,飞天小魔镜,User
entity1202,sunshine_幸运,User
entity1203,言远辰,User
entity1204,叶子不愿长大,User
entity1205,肖庭庭1005,User
entity1206,颜色的星野物流塔,User
entity1207,烧烤原料生产车间,User
entity1208,控百伯控,User
entity1209,一条二十天没睡觉的苦瓜,User
entity1210,咖啡依赖症的叉,User
entity1211,小喜不是ice,User
entity1212,满嘴跑机甲_,User
entity1213,抱着酸奶的鸭鸭,User
entity1214,·寻啵轨迹·,User
entity1215,-莓果量販日-,User
entity1216,左爱加特林,User
entity1217,·小狗要老婆不要·,User
entity1218,我担何时下楼,User
entity1219,Unpredictable-尾号6208,User
entity1220,浩之丸比,User
entity1221,人为什么会长智齿呢,User
entity1222,·酒酿砂糖,User
entity1223,Xannnnli,User
entity1224,用户3784882690,User
entity1225,青青子衿·_-·,User
entity1226,一个没得感情的魔鬼,User
entity1227,顾宝言本人 ,User
entity1228,糯米馒馒包 ,User
entity1229,鹏程蛇口,User
entity1230,地势坤厚德载物1995,User
entity1231,我竟然还在这样的世上活着,User
entity1232,小亚很温柔,User
entity1233,_迹耀佑叁,User
entity1234,青柠304love,User
entity1235,·覆盆子·,User
entity1236,·波比兔亚·,User
entity1237,椿日恋锦記,User
entity1238,阿宋的小海螺_w,User
entity1239,-RomanSong,User
entity1240,夏山橘月,User
entity1241,宇宙最甜糖豆,User
entity1242,糯米馒馒包,User
entity1243,只是一个路人甲好吧,User
entity1244,好运来男孩,User
entity1245,休闲璐,User
entity1246,珈正锦,User
entity1247,多小资,User
entity1248,风吹铃铛响叮叮,User
entity1249,神店通缉令,User
entity1250,柯西是个讨厌鬼,User
entity1251,也许大溪地,User
entity1252,陌哓轩,User
entity1253,Lotte-F,User
entity1254,spark不夜城,User
entity1255,无他旧事馆：,User
entity1256,青青野草莓,User
entity1257,祺里欣气,User
entity1258,薛洋不想吃糖,User
entity1259,社交极限到了,User
entity1260,可爱吃掉浪漫 ,User
entity1261,川渝美丽女明星- ,User
entity1262,男O女A,User
entity1263,宋鼠标爸比老婆,User
entity1264,亚与浪漫纪_你爹版,User
entity1265,小轩馒头崽,User
entity1266,mireimirai,User
entity1267,·东方既白·,User
entity1268,予·颂,User
entity1269,年宝高考顺利,User
entity1270,·笨蛋不心动· http,User
entity1271,灯灯小乖,User
entity1272,COAGULATION丁程鑫聚星城堡,User
entity1273,沉默的沉淀者,User
entity1274,淡紫轻烟0304,User
entity1275,何he必bi呢ne,User
entity1276,·青萝童话·,User
entity1277,宋你一个芽芽宝贝,User
entity1278,发发flafa4,User
entity1279,奶油千层曲奇,User
entity1280,·玫瑰颂歌·,User
entity1281,就是小彤呀_,User
entity1282,七月半熊爪,User
entity1283,一人饱,User
entity1284,瑞士生物学家WilsonEdwards,User
entity1285,evermore1313_养乐多版,User
entity1286,-红茶Macchiato-,User
entity1287,糖纸情诗,User
entity1288,还是几十块喝喝,User
entity1289,·似风撩動,User
entity1290,爱马七分,User
entity1291,·限定春芽·,User
entity1292,四喜喜喜子,User
entity1293,商风起寒梧_,User
entity1294,·余浪·,User
entity1295,小薰今天吃烤薄饼了吗,User
entity1296,欧阳莹殇,User
entity1297,雪梨梅花羹,User
entity1298,魚丸丼,User
entity1299,pantata山竹风鸣鸟归来,User
entity1300,Lisakurai_,User
entity1301,圆碌碌的李子,User
entity1302,我喜欢什么你管不着,User
entity1303,2022年安徽高考文科状元,User
entity1304,杜建国A,User
entity1305,田辛丑,User
entity1306,坻岸,User
entity1307,馨仪是个武汉人,User
entity1308,奶芙蜜桃·,User
entity1309,TNT时代少年团后援会官博,User
entity1310,-葡萄奶冻祺,User
entity1311,十月鹤彧,User
entity1312,冬祭展旧书,User
entity1313,时代少年团-丁程鑫,User
entity1314,阿卓oxo,User
entity1315,一坨蘑菇Oooo,User
entity1316,三云四月,User
entity1317,·肆月贰玖·,User
entity1318,奶甜星河_,User
entity1319,李蔓蔓,User
entity1320,羊盐芥子,User
entity1321,元纸纸,User
entity1322,钻石大UVW,User
entity1323,宇宙啾酱,User
entity1324,反派育儿概论,User
entity1325,GIG0816,User
entity1326,残冬一十四,User
entity1327,收集浪漫来信_,User
entity1328,·雾都祺遇記,User
entity1329,玖玖抱紧TNT,User
entity1330,昵称为立羽,User
entity1331,TNT一窝端,User
entity1332,梦回she,User
entity1333,岩浆真的好烫w,User
entity1334,草莓柠檬兔味,User
entity1335,来杯快乐水吧,User
entity1336,卡戎0221,User
entity1337,出版人周筠,User
entity1338,刘昭在路上,User
entity1339,大心脏排排,User
entity1340,·卡布祺诺玫瑰,User
entity1341,降落再飞行-高考必胜版,User
entity1342,春卷小馒-,User
entity1343,2022高考状元-杰瑞,User
entity1344,咬你裤腿,User
entity1345,我晚点再起,User
entity1346,·甜兔栗奶·,User
entity1347,一只狗不狗,User
entity1348,-秋日回溯-,User
entity1349,沉沦月亮的短诗,User
entity1350,大大金鱼啊,User
entity1351,绿茶独自美绿,User
entity1352,你别抢我的熊啊,User
entity1353,顾宝言本人,User
entity1354,叫我钢钢,User
entity1355,月下黄昏_,User
entity1356,下楼进行时s,User
entity1357,小森林音乐家,User
entity1358,籐井树日記,User
entity1359,AC左航数饺子管家,User
entity1360,woyaoO泡,User
entity1361,和马嘉祺doi-,User
entity1362,·江江江米西·,User
entity1363,亚学掌门人,User
entity1364,禅心奶绿不加冰,User
entity1365,吃风少年李狗蛋,User
entity1366,超人迢迢,User
entity1367,橘彦色仙人掌,User
entity1368,快乐砍柴,User
entity1369,呆你吗的滚,User
entity1370,非职业熬夜冠军,User
entity1371,偶像包袱走失中心,User
entity1372,有钱人发言bot,User
entity1373,神奇海螺,User
entity1374,热知识bot,User
entity1375,酸奶定勾儿-都市丽人版,User
entity1376,-快乐荷包蛋,User
entity1377,出来看月亮-,User
entity1378,川渝美丽女明星-,User
entity1379,藏住一朵星光,User
entity1380,祺祺的小气球2121,User
entity1381,没有想法也没有答案,User
entity1382,每日一芽做数据去,User
entity1383,抹茶曲祺饼,User
entity1384,小马小马单枪匹马derder驾,User
entity1385,盯裆妈,User
entity1386,梦浔春恩,User
entity1387,马吉克之光,User
entity1388,入世朋友,User
entity1389,梦境私奔·高考下线版,User
entity1390,TF家族-左航,User
entity1391,TF家族,User
entity1392,顾倾没有钱,User
entity1393,想去18楼玩,User
entity1394,kiku28888,User
entity1395,反季节西瓜过敏,User
entity1396,重庆第一百里玄策,User
entity1397,0304小魚吐泡泡,User
entity1398,就是刘小刘,User
entity1399,欢乐搞簧人,User
entity1400,依然热爱射手座,User
entity1401,浅浅天地,User
entity1402,乖卷亲亲兔耳朵,User
entity1403,顾筱筱筱_高考版,User
entity1404,-江辽-,User
entity1405,BXATM,User
entity1406,小小杏田儿,User
entity1407,蚊子今天努力赚钱了吗,User
entity1408,努力当个漂亮欧尼,User
entity1409,MiaoX222,User
entity1410,粘人甜豆包,User
entity1411,A-zi____,User
entity1412,嗷呜三口小年糕,User
entity1413,借晚月光偷吻你,User
entity1414,月捣热恋刊高考版,User
entity1415,明菜说今天不洗脸了,User
entity1416,心头鹿my撞,User
entity1417,白鹿my,User
entity1418,元祺星球·高考冲刺版,User
entity1419,马小哲的小瞎儿,User
entity1420,萄萄祺祺,User
entity1421,允祺记事薄,User
entity1422,圈圈睡不醒a,User
entity1423,祺号人间四月,User
entity1424,修改亓下,User
entity1425,·春的约定·,User
entity1426,一口一个砂糖橘_,User
entity1427,·糯祺糖莓饼·,User
entity1428,钓祺指南,User
entity1429,·我的男孩大红大紫·,User
entity1430,懵懵尤里酱,User
entity1431,只搞TOP马嘉祺,User
entity1432,茄茄宝贝o,User
entity1433,你吃酸葡萄长大,User
entity1434,嘉jia祺qi,User
entity1435,小奥乌,User
entity1436,甜甜甜啾啾呀,User
entity1437,ssstarriest,User
entity1438,-倏珩-,User
entity1439,互联网欢乐指南,User
entity1440,吃不胖的小5,User
entity1441,段子楼,User
entity1442,万事屋纸纸酱,User
entity1443,fm-miraitowa：赚[打call][打call],User
entity1444,风中的莉莉们,User
entity1445,阴天怎么不下雨i,User
entity1446,听风看雪-,User
entity1447,芝士乖乖鱼·,User
entity1448,内娱第一神颜,User
entity1449,情话给我左耳听,User
entity1450,白白白胖小姐,User
entity1451,Calistan,User
entity1452,未来的方书剑,User
entity1453,安东尼在远方,User
entity1454,Akria_今天也没有拍片耶,User
entity1455,Nanai-farn,User
entity1456,寻茶问柳,User
entity1457,·洛神赋,User
entity1458,风和离,User
entity1459,七区記养狗狗·,User
entity1460,筑城院真鉴厨2887号,User
entity1461,幂的祺次方m,User
entity1462,萧汐中意不加糖,User
entity1463,巫马光明,User
entity1464,Ai果冻88888888,User
entity1465,算了算了搞都搞了,User
entity1466,小泽环游记_,User
entity1467,软甜少女21,User
entity1468,请喊我放下手机学英语,User
entity1469,结晶巫女,User
entity1470,阿茄是我的菜,User
entity1471,小姜团子nim,User
entity1472,影子有光才会存在,User
entity1473,EEEEEEEv77,User
entity1474,Miko_陲希的选,User
entity1475,情感类博主,User
entity1476,一起为轩轩打call,User
entity1477,马德哈哈哈,User
entity1478,yuzu_祫,User
entity1479,观澜rua,User
entity1480,未曾朝雨浥轻尘,User
entity1481,Txx宋亚轩,User
entity1482,阿圆与Argentina,User
entity1483,白日梦高级建造师,User
entity1484,红蓝的六边形,User
entity1485,贝大湿的退休生活,User
entity1486,关关雎鸠小过卦,User
entity1487,·楓栗酱·,User
entity1488,他说我是小宝贝,User
entity1489,妈妈咪亚,User
entity1490,奈奈美野茶,User
entity1491,冰昔草莓_bear,User
entity1492,_颗好困芽,User
entity1493,终于改名字廖,User
entity1494,一记勾拳,User
entity1495,M-Iris,User
entity1496,阴天怎,User
entity1497,盖浇猫系,User
entity1498,凶我就嗷呜你,User
entity1499,爱上妈咪酱,User
entity1500,奶轩脆脆酥·,User
entity1501,青森汁士,User
entity1502,里脊里脊是里脊,User
entity1503,无忧的姐姐 ,User
entity1504,三云四月 ,User
entity1505,甜星球日报社,User
entity1506,Sophia的餅,User
entity1507,小熊管家5 ,User
entity1508,今年一定要加油鸭 ,User
entity1509,如是见青山·,User
entity1510,萨摩耶和他的狗,User
entity1511,好喜欢高考啊- ,User
entity1512,阿梓小淘气Loui ,User
entity1513,千叶千絵子 ,User
entity1514,濑濑与葡萄味芬达 ,User
entity1515,黄杂念的追熙日记,User
entity1516,芝士草莓小丸子-,User
entity1517,啦呜小宋,User
entity1518,我尊得爱吃炒煤啊,User
entity1519,L飞飞酱,User
entity1520,-春悸小轩-,User
entity1521,薄浔小猫,User
entity1522,JS25_ii,User
entity1523,叽小星,User
entity1524,内永绘理所当然,User
entity1525,Giselle绘里,User
entity1526,·奶泡日记·,User
entity1527,我想去看极光啊,User
entity1528,长安此生,User
entity1529,·浪漫与爱同行,User
entity1530,抱紧可爱小祺,User
entity1531,起祺的唔西迪西·,User
entity1532,阔kuoooo,User
entity1533,随便吧怎么了,User
entity1534,芋祺撞奶,User
entity1535,dingy,User
entity1536,lxx33223322,User
entity1537,然后下面就没了,User
entity1538,fm-miraitowa,User
entity1539,Beautiful蕾,User
entity1540,复嘉平,User
entity1541,盐苏玖九,User
entity1542,远鉴字幕组v,User
entity1543,关于壁纸,User
entity1544,小熊镇邮递员,User
entity1545,imtrend,User
entity1546,墙头一堆爱xxxx,User
entity1547,加盐还是浩甜,User
entity1548,赤桐冰雪,User
entity1549,今年要记得早点睡,User
entity1550,寄信员_,User
entity1551,宋你一颗星星亚,User
entity1552,夕林Celine,User
entity1553,荷氏冲鸡波 ,User
entity1554,离我狗远点 ,User
entity1555,今年不吃药 ,User
entity1556,·东方既白·#马嘉祺后援会涉嫌非法集资700w# 对于你司艺人马嘉祺私联你怎么看?对于马嘉祺队长高考落榜给时代少年团造成的不良影响你怎么看?对于马嘉祺粉丝造黄谣抹黑你司未成年艺人你作何处理?马嘉祺粉丝率先传播ss视频并对宋亚轩进行辱骂再倒打一耙装婊卖惨实在肮脏下作。,User
entity1557,晨辰de木屋,User
entity1558,mireimirai ,User
entity1559,·东方既白· ,User
entity1560,马玉兰还在害人,User
entity1561,小成故事多啊,User
entity1562,纯良英俊的笑了笑,User
entity1563,创造101-麻辣鱼鳞,User
entity1564,无忧的姐姐,User
entity1565,亚学-准研究生,User
entity1566,大红璽,User
entity1567,A_about,User
entity1568,youngyoung1206,User
entity1569,卤睨谏里,User
entity1570,我也是无敌的无敌的小可爱,User
entity1571,娱乐时间无情无欲,User
entity1572,心空空_x,User
entity1573,姆明本明,User
entity1574,宸颖Kilig_,User
entity1575,糯米亚米糕,User
entity1576,品切小王子--勇气之花,User
entity1577,NeKo桑w,User
entity1578,贽人 ,User
entity1579,寻茶问柳 ,User
entity1580,L想要小小杯星冰乐,User
entity1581,奥特曼高考薇,User
entity1582,UNIQ-王一博,User
entity1583,重生之我是阿晴,User
entity1584,川青入墨,User
entity1585,沉默_坚决,User
entity1586,GloryingK_鞠婧祎荣耀相随,User
entity1587,烊烊圈_,User
entity1588,软绵70594,User
entity1589,蛋蛋莉亚,User
entity1590,吃草莓不吐籽·,User
entity1591,宋茜天,User
entity1592,中原伏魔天尊,User
entity1593,层楼lou ,User
entity1594,春序序序高考版_ ,User
entity1595,笨猪并不笨,User
entity1596,初雪降落,User
entity1597,给我买机车吧,User
entity1598,山东省2022年高考状元,User
entity1599,一路为医,User
entity1600,道无余说,User
entity1601,收藏状元李岳声,User
entity1602,我们都爱学霸,User
entity1603,·雾海浠屿·,User
entity1604,亚轩的快乐星球,User
entity1605,邻樾yue,User
entity1606,闹到炸开花,User
entity1607,桃汽炸汤圆,User
entity1608,来一杯托式奶昔 ,User
entity1609,余景天-YJT ,User
entity1610,黑白-peter,User
entity1611,亚唧光波,User
entity1612,我是山东彭于晏,User
entity1613,听轩颂爱诗,User
entity1614,·春日集亚册·,User
entity1615,Xannnnli ,User
entity1616,情感类博主 ,User
entity1617,绿茶独自美绿 ,User
entity1618,-山鬼提灯来,User
entity1619,dandelier,User
entity1620,杉原杏璃一盏茶芝燕,User
entity1621,快乐小亚收藏所,User
entity1622,烟火在逃小娇妻,User
entity1623,麻木了呆瓜,User
entity1624,和小z谈恋爱,User
entity1625,鱼饵的猫猫,User
entity1626,灰兔叽很爱吃巧克力,User
entity1627,草莓灌奶你喝吗 ,User
entity1628,宇宙最甜糖豆 ,User
entity1629,鬼灵精亚亚_-·,User
entity1630,·椰奶量贩時,User
entity1631,浅忆诗瑾韵,User
entity1632,不爱吃香菜酸菜鱼,User
entity1633,甜粽V,User
entity1634,_Reno_挚爱FF,User
entity1635,讹谬texting32581,User
entity1636,_百分百爱亚,User
entity1637,The_相葉忍w,User
entity1638,桃桃养狼崽,User
entity1639,桃金娘TaojiNniang,User
entity1640,风寄与文,User
entity1641,四月份玫瑰_甜糖小又高考顺利版,User
entity1642,起司猫想,User
entity1643,Violetsea·,User
entity1644,肆梦_,User
entity1645,缘音希宋,User
entity1646,·梦里有猫啊·,User
entity1647,堪破三春景不长,User
entity1648,浪味地三鲜,User
entity1649,楠木夏実,User
entity1650,今年没有假期啦,User
entity1651,挂降落了·茄,User
entity1652,易脸红体质_,User
entity1653,恋风屿祺,User
entity1654,·玫瑰予祺·,User
entity1655,嘉祺侦查员,User
entity1656,蔡净柔,User
entity1657,绾彦揽祺,User
entity1658,小嘉星辰,User
entity1659,待云散星归,User
entity1660,·除云上枕梦·,User
entity1661,嫁给蛋糕啦,User
entity1662,平淡无祺马某人,User
entity1663,Sweety超级777,User
entity1664,三水木沐啊,User
entity1665,白菜没褶子,User
entity1666,-多吃青菜ya,User
entity1667,Corina璇,User
entity1668,-五更冬-,User
entity1669,小风做得好,User
entity1670,平淡无祺,User
entity1671,日行暴躁,User
entity1672,年妹全网唯一老公,User
entity1673,Aaaa宋安安,User
entity1674,-别丢下亞軒,User
entity1675,你的镜仔戒酒版 ,User
entity1676,SamoubijstvobuduvMMXx ,User
entity1677,朱亨亨2020 ,User
entity1678,陸陸叁-,User
entity1679,黑白白-看电影才是正经事,User
entity1680,天天盼大戏,User
entity1681,宋智锦鲤,User
entity1682,·三月星渝,User
entity1683,五号橘子店,User
entity1684,多肉动物肉不多,User
entity1685,朝思慕祺,User
entity1686,海鲜就馒头-,User
entity1687,神祺的魔仙女王冲吧,User
entity1688,Songxx-0304,User
entity1689,心动马吉克77,User
entity1690,秋屿悸颂-,User
entity1691,犯困狗勾_,User
entity1692,低端局VIP玩家 ,User
entity1693,塑料河,User
entity1694,暴躁大舅妈,User
entity1695,烫金真爱册,User
entity1696,共情不易,User
entity1697,CTVV废话频道,User
entity1698,千仔快快乐乐,User
entity1699,十夜秋风起 ,User
entity1700,日本零君 ,User
entity1701,一只孤独的胖头鱼 ,User
entity1702,钮祜禄小小 ,User
entity1703,张家小徒 ,User
entity1704,狗崽崽和老肖是爱情 ,User
entity1705,桃子販邁机 ,User
entity1706,流云飞舞8888 ,User
entity1707,半价麻辣烫,User
entity1708,·酣睡狐狸·,User
entity1709,晚安啊bibi,User
entity1710,易燃xu-,User
entity1711,气流实验室,User
entity1712,牛奶吐司c,User
entity1713,小予探险家,User
entity1714,睡不醒的特困猪_,User
entity1715,不想秃头___,User
entity1716,小树园子,User
entity1717,种个芽芽,User
entity1718,-QAQ同学-,User
entity1719,若姿呀,User
entity1720,绛橘色的日落落落落落落,User
entity1721,二哈少女就是我,User
entity1722,夏水日潺湲Z,User
entity1723,Trouvaille_____,User
entity1724,马嘉祺的小气球520love,User
entity1725,一位擅长发胖的杀手,User
entity1726,妙语连珠傅云英,User
entity1727,银杏叶要许愿,User
entity1728,粥星拌麻辣烫叻：,User
entity1729,小狗妹崽,User
entity1730,故园湾里 ,User
entity1731,妇女之敌罗严塔 ,User
entity1732,RA-sxh122,User
entity1733,蒙娜扎莎,User
entity1734,只是一个小AI,User
entity1735,7758521关你屁事,User
entity1736,瀞瀞瀞爱,User
entity1737,哎呀呀呀循环,User
entity1738,还得是亚宝女,User
entity1739,玫瑰亓遇記·,User
entity1740,轩宝丸子妈,User
entity1741,邂逅寄雨停,User
entity1742,猫猫会捡球,User
entity1743,吟风绘夏,User
entity1744,江風輓祺,User
entity1745,昼子舒,User
entity1746,每天要喝九千杯水,User
entity1747,睡到王嘉尔了吗,User
entity1748,已睡遍全世界所有帅哥,User
entity1749,学术大观察,User
entity1750,西城大妈,User
entity1751,许可许可不许shook,User
entity1752,喂喂喂你是煞笔吗,User
entity1753,海豚350831,User
entity1754,GloryingK_傅容养老院,User
entity1755,D月亮打烊了_,User
entity1756,易EN,User
entity1757,白日念时,User
entity1758,雾桃星星乐,User
entity1759,益訸烤奶三分甜,User
entity1760,清北少年班班长,User
entity1761,看到我请催我去写论文谢谢谢谢谢,User
entity1762,狐狸姐姐_22203,User
entity1763,w岚ww,User
entity1764,小宋Er嘉-,User
entity1765,零零四零三零四,User
entity1766,重庆九二一号火锅,User
entity1767,是蟹圆鹤螺啦,User
entity1768,An_美貌持有者,User
entity1769,白桃乌龙冰冰茶 ,User
entity1770,有钱人发言bot ,User
entity1771,神奇海螺 ,User
entity1772,热知识bot ,User
entity1773,今年不吃药,User
entity1774,离我狗远点,User
entity1775,芝士脆脆芽·,User
entity1776,2022年山东高考状元,User
entity1777,Mikaikai,User
entity1778,他姓宋呀,User
entity1779,和阿宋一起去南极,User
entity1780,宋走你爹,User
entity1781,颂魚·想喝奶茶,User
entity1782,鄭魚魚wx,User
entity1783,我在穷困潦岛呀,User
entity1784,宋树立之妻,User
entity1785,·陪轩观星火·,User
entity1786,想做你的随身听,User
entity1787,withSday,User
entity1788,山春故,User
entity1789,宋一响贪欢,User
entity1790,·白色洋桔梗·,User
entity1791,-余味海螺-,User
entity1792,相见佳期,User
entity1793,原味咩噗咩噗QQ香香裤裆,User
entity1794,守卫茄子,User
entity1795,·海岛屿叁叁·,User
entity1796,小奥乌 ,User
entity1797,小马小马单枪匹马derder驾 ,User
entity1798,小糊涂蛋蛋蛋蛋蛋,User
entity1799,迟早得被懒死,User
entity1800,蔬菜or肉,User
entity1801,正解一,User
entity1802,昼中迹雾·,User
entity1803,一份茄汁布丁,User
entity1804,Camellia_柚,User
entity1805,KatrinaChien宁檬,User
entity1806,摩登兄弟刘宇宁,User
entity1807,最爱浓颜系,User
entity1808,kkkoiifffish·,User
entity1809,每日一芽做数据去 ,User
entity1810,大姐穷的只剩碗盆了,User
entity1811,没办法就是搞TOP的命芽,User
entity1812,Augenstern-妙妙屋,User
entity1813,·屿鱼桃逸·,User
entity1814,脸超圆的桃子,User
entity1815,小七夜yeah,User
entity1816,与神明祷告,User
entity1817,Klein_1212,User
entity1818,玫瑰挞挞·,User
entity1819,Swisse斯维诗,User
entity1820,无限热爱dilireba,User
entity1821,有悠,User
entity1822,次货仙女呀,User
entity1823,最爱TNT的Abby,User
entity1824,希望汝有共款的梦,User
entity1825,小熊不要哭啦,User
entity1826,小熊航海家,User
entity1827,·半熟葡萄·,User
entity1828,汩汩-备战高考版,User
entity1829,抱拳张三原,User
entity1830,-芋圆与真-,User
entity1831,一定好好干饭,User
entity1832,彤源染色体,User
entity1833,賦予愛恋,User
entity1834,肆月松果季,User
entity1835,MAgic局外者,User
entity1836,木由属优祺,User
entity1837,八点半跑不跑-- ,User
entity1838,无糖车厘 ,User
entity1839,声音超大 ,User
entity1840,楼里偷小孩儿的 ,User
entity1841,小狗斯特 ,User
entity1842,冷知识bot,User
entity1843,茶月泡毓-高考版,User
entity1844,小肥泡耀呢,User
entity1845,一只蠢蚊子,User
entity1846,爱踢答人 ,User
entity1847,伤心人类回收站 ,User
entity1848,袁湘琴的恋爱日记 ,User
entity1849,致富经研究员 ,User
entity1850,春日游泳467,User
entity1851,猫咪好吸,User
entity1852,Reptay-,User
entity1853,社交极限到了 ,User
entity1854,Cos_304,User
entity1855,打烊春意浓,User
entity1856,Openfast,User
entity1857,喃悟树樆,User
entity1858,菜菜_MR,User
entity1859,安澜堂-晒太阳的猫,User
entity1860,丁当妈_,User
entity1861,猫小姐meow,User
entity1862,Happy张江,User
entity1863,ReverunReve,User
entity1864,麦下一颗种子亚,User
entity1865,泡椒凤竹,User
entity1866,·熱戀小熊不6淚·,User
entity1867,初恋魚·,User
entity1868,小刘早点睡觉y,User
entity1869,姜搽棠,User
entity1870,齐齐哈尔市倪萍,User
entity1871,你的雕沙到我了 ,User
entity1872,小狗派送中 ,User
entity1873,别搞选秀了 ,User
entity1874,Renee_bumkek ,User
entity1875,王太弱 ,User
entity1876,脆皮鸭文学研究人员 ,User
entity1877,巴斯小板 ,User
entity1878,铁酱酱酱酱 ,User
entity1879,爱吃火锅的祺兔三岁,User
entity1880,蛋糕店入门烘焙师,User
entity1881,鹤鸣九皋Aurora,User
entity1882,没煮的汤圆_,User
entity1883,野生千岁兰,User
entity1884,小熊猫初号机,User
entity1885,八月长安就是二熊,User
entity1886,莎翁不学现代汉语,User
entity1887,旺旺雪饼好吃·,User
entity1888,一起神回复,User
entity1889,野生脑洞,User
entity1890,内娱第一神颜七百万够给马嘉祺和马夫全家送葬了//,User
entity1891,soo兔交响曲亚_,User
entity1892,最佳年下狙击手,User
entity1893,我家瓜娃子好香呀 ,User
entity1894,最佳年下狙击手 ,User
entity1895,高考直通车,User
entity1896,大美女菊姐,User
entity1897,千叶长生1202,User
entity1898,爱小丫基金,User
entity1899,我想努力追风,User
entity1900,-半昼气泡-,User
entity1901,·樱都京城·,User
entity1902,虎妞猫下凡了,User
entity1903,睡龙会会长,User
entity1904,互_联_网伤心人,User
entity1905,哈喽哈喽哈哈喽200000000,User
entity1906,1212号地铁,User
entity1907,小小花祭词,User
entity1908,--Zubayda,User
entity1909,狄娜·,User
entity1910,-Ma2haha,User
entity1911,BiBa·,User
entity1912,BeYourParyzat,User
entity1913,Jennnovo414,User
entity1914,·西西奶昔· ,User
entity1915,皇帝的新号_今年高考版 ,User
entity1916,超人迢迢万事顺利版 ,User
entity1917,白小暮Gloami ,User
entity1918,十六号心动当铺 ,User
entity1919,洋崽不吃糖,User
entity1920,·博博教战战落叶飘·,User
entity1921,-叁柒贰拾壹--,User
entity1922,-限時日落-,User
entity1923,炸鸡必修课程,User
entity1924,可是我是美女诶,User
entity1925,爸妈奴,User
entity1926,你好牛亚,User
entity1927,TYXDYXDQ,User
entity1928,想雨还是想羽呢,User
entity1929,呆鹅不肥,User
entity1930,维肾素Yee,User
entity1931,筱筱不胖只膨胀,User
entity1932,杳目宦鹤诀_,User
entity1933,持枪小狗,User
entity1934,夏姐linda,User
entity1935,旅行摄影看世界,User
entity1936,沿途的风景Hannah,User
entity1937,呀吧哒啵嘟,User
entity1938,落冰花洋,User
entity1939,喜欢小风-,User
entity1940,光年悥7,User
entity1941,嘉祺吃蛋挞边边,User
entity1942,风的随身听,User
entity1943,醒遇祺迹,User
entity1944,Quintinnn,User
entity1945,未来的方书剑：以后不用偷偷变好，请光明正大昂首阔步向前走[高考锦鲤],User
entity1946,小风恋爱手册,User
entity1947,·unicornseven,User
entity1948,七格薄荷柚,User
entity1949,·冬天有雪·,User
entity1950,斧子洲郑电闪雷鸣,User
entity1951,原前新瓶盖代币,User
entity1952,吃瓜好快乐喔,User
entity1953,立刻五五2022特别版,User
entity1954,栀-竹笋培育员-泽泽,User
entity1955,dingy ,User
entity1956,lxx33223322 ,User
entity1957,-共赴下一场日落-,User
entity1958,明天见嘛好不好,User
entity1959,-环游航迹-养乐多,User
entity1960,我叼到山崩崩,User
entity1961,一博呢一博,User
entity1962,一品羡气,User
entity1963,零度牡丹,User
entity1964,陪小宋一起高考,User
entity1965,哎哟U娘,User
entity1966,萌儿mrMR,User
entity1967,鱿鱼三两三,User
entity1968,困比小狗,User
entity1969,芝心是公主,User
entity1970,阿柒不想起床-想拥有永久gct版,User
entity1971,AmberZ1994,User
entity1972,浮生半梦闲敲棋,User
entity1973,在想周深,User
entity1974,Charlie_不喝水的鱼,User
entity1975,光响1998,User
entity1976,是小许啊_,User
entity1977,时代少年团-宋亚轩,User
entity1978,蛐蛐一捕快,User
entity1979,甲骨卜慈_ ,User
entity1980,明菜说今天不洗脸了 ,User
entity1981,·玫瑰艺术家· ,User
entity1982,不叫咩 ,User
entity1983,·奶油草莓酥w· ,User
entity1984,是1男哇 ,User
entity1985,炸毛小X,User
entity1986,·我不是小脏熊·,User
entity1987,刘宇宁LYN工作室,User
entity1988,哩芽回来吧,User
entity1989,丝绒吖,User
entity1990,VVVelevel,User
entity1991,慕云若兮,User
entity1992,寄意星,User
entity1993,晩风叙旧mio,User
entity1994,-尘翛-,User
entity1995,卡洛_Jalo,User
entity1996,记得没事多看书,User
entity1997,是甜甜的你,User
entity1998,经典羽录,User
entity1999,小饶今天熬夜了吗,User
entity2000,-VansCola,User
entity2001,一点水先生,User
entity2002,Twelve_Sunshine-girl,User
entity2003,哄哄小吃,User
entity2004,旺角陈予安,User
entity2005,今天我也叫格格呀,User
entity2006,龙虾酱lobster,User
entity2007,1985年7月5日,User
entity2008,颜清瑶_Yao,User
entity2009,奶一壶啵啵Vv_备战高考版,User
entity2010,Anastasia-Odiana_,User
entity2011,01時13分,User
entity2012,别催了在划啦,User
entity2013,Baidu_担点帅哥吧,User
entity2014,2022年度拉屎冠军,User
entity2015,芒果混合盛宴,User
entity2016,专业勃起达人,User
entity2017,ktayyy,User
entity2018,豆沙天天都好困_2022限定版,User
entity2019,无价公主金蔻皮,User
entity2020,·限定釹铜_,User
entity2021,吵架有害身心健康_,User
entity2022,磕西皮的野生佩佩,User
entity2023,想吃草莓冰了,User
entity2024,·小熊出没·,User
entity2025,伽蓝胭,User
entity2026,颜狗爸爸,User
entity2027,maceynany,User
entity2028,-GreenKarRoy-,User
entity2029,Jia_serendipity,User
entity2030,冬日暖阳_ky,User
entity2031,劲焱楼下卖土豆的樱桃,User
entity2032,跟你说不清楚的,User
entity2033,佐佐不爱喝奶茶,User
entity2034,贰贰的叁叁-,User
entity2035,想踩源源AJ滴炸毛,User
entity2036,加鸡汁的鸡腿 ,User
entity2037,废话制造机J ,User
entity2038,给兮兮来一杯Mojito丶 ,User
entity2039,魔杰座的魔天伦 ,User
entity2040,这段很明显是间奏 ,User
entity2041,·九葭· ,User
entity2042,Dululubaba,User
entity2043,穷不如死,User
entity2044,小漂亮啵一口,User
entity2045,AuroralDawn烦,User
entity2046,平P安A喜乐,User
entity2047,化石蝈蝈,User
entity2048,欢乐宋a,User
entity2049,我是芋泥卷,User
entity2050,邮寄一份芋泥i,User
entity2051,Silence·琬_R,User
entity2052,巴啦啦小纸伞·高考版,User
entity2053,下辈子也要喝猪的奶茶,User
entity2054,代餐巨鳄,User
entity2055,苍蝇滑翔机,User
entity2056,白鹅鹅鹅goosv,User
entity2057,芝士跨境传输,User
entity2058,我小葡萄鲨了你o,User
entity2059,喃喃小极,User
entity2060,椿桃周刊-高考版 ,User
entity2061,AKA-反抗 ,User
entity2062,橡皮树个树,User
entity2063,-MintLatte-,User
entity2064,hi卢小姐,User
entity2065,我们的太空,User
entity2066,奶芙蜜桃· ,User
entity2067,一起跑到月亮那儿M,User
entity2068,嗑恁玛呢,User
entity2069,发个官方天天换糖果,User
entity2070,寻寻很早睡,User
entity2071,CrushYoke7brq,User
entity2072,不做鸡蛋包,User
entity2073,和亚一起祈愿,User
entity2074,玫瑰出逃计划,User
entity2075,拒签桃汁hhhh高考版,User
entity2076,今天也吃撑了哇,User
entity2077,松芽轩子呀,User
entity2078,姑苏東门庆,User
entity2079,原春耀芽,User
entity2080,今年目标减肥和高考,User
entity2081,阿wing是我条仔,User
entity2082,神祺的魔仙女王,User
entity2083,奶味馒头养成,User
entity2084,ZAY芽芽,User
entity2085,葡萄·绵绵冰,User
entity2086,芽芽-Gracelyn,User
entity2087,咕嘟嘟熙熙,User
entity2088,不想睡别睡了,User
entity2089,我讨厌的都去死,User
entity2090,不要恰樱桃,User
entity2091,恋爱梦游记_,User
entity2092,宋亚轩不出单曲不改名-无敌版,User
entity2093,树藤与海岛养乐多,User
entity2094,转子媮,User
entity2095,你在看我吗·,User
entity2096,宋大爷爱吃馒头,User
entity2097,炭烧风格黑猫_,User
entity2098,是lyy鸭,User
entity2099,阿拉花花_zero,User
entity2100,超人迢迢万事顺利版,User
entity2101,玫瑰与白紫罗兰,User
entity2102,沅淽wx,User
entity2103,今年冬天会遇到心软的财神吗,User
entity2104,Luo萝-Ci,User
entity2105,luyuzu55,User
entity2106,物语迪士尼disney,User
entity2107,今晚恰番茄鱼芽ovo,User
entity2108,密西西比河里的一条鱼,User
entity2109,袁圆圆的饭盅盅,User
entity2110,碎花裙__高考废话bot,User
entity2111,曹姐姐Yuki,User
entity2112,粉色心情预备备,User
entity2113,马嘉祺的莹莹,User
entity2114,不昧因果野狐禅,User
entity2115,道格苏苏IPO,User
entity2116,陈向宏 ,User
entity2117,-风-味-七-喜-,User
entity2118,4号星球玩家,User
entity2119,甜鱼冷面,User
entity2120,·追亚选手·,User
entity2121,冰天雪地中的晴空,User
entity2122,狗勾记录,User
entity2123,嗑CP三百年,User
entity2124,低端局VIP玩家,User
entity2125,科严室,User
entity2126,香葱麻花儿,User
entity2127,六面包夹芝士,User
entity2128,布加的的,User
entity2129,吃雪糕要用勺,User
entity2130,少吃一口米健康好身体,User
entity2131,大星星ac,User
entity2132,燃烧的铁塔猫和草莓牛奶,User
entity2133,赛博朋猪,User
entity2134,小猪别跑O-高考冲刺版 ,User
entity2135,·椿日札记· ,User
entity2136,仿生江苏人会梦到VR高考吗,User
entity2137,辛德瑞拉小卖部,User
entity2138,废话太多-,User
entity2139,-寳路-,User
entity2140,白鳥凜,User
entity2141,TokiToki,User
entity2142,_阿屁_,User
entity2143,尼拔汤,User
entity2144,不要逼太紧厚,User
entity2145,sandraxuansyx,User
entity2146,咸咸的白面馒头,User
entity2147,睡美人困了,User
entity2148,·雾续海季·,User
entity2149,禹宙里的Jessie,User
entity2150,友谊万万岁·,User
entity2151,精分少女蛋蛋酱,User
entity2152,尬演社,User
entity2153,橄榄不菜,User
entity2154,非著名观众柳下惠,User
entity2155,小黑__沉进海底,User
entity2156,太皇太后您有喜啦 ,User
entity2157,天秀bot ,User
entity2158,汤汤爱美女帅哥 ,User
entity2159,喜气洋羊子 ,User
entity2160,猛仔的摸鱼日记 ,User
entity2161,养马场主邦尼买 ,User
entity2162,野生戏戏子 ,User
entity2163,张家小徒,User
entity2164,lllovestruck,User
entity2165,一场及时鱼,User
entity2166,嘿嘿包包,User
entity2167,降落人鱼星,User
entity2168,踏上绿皮火车,User
entity2169,renjiannpc,User
entity2170,空叶V伥,User
entity2171,桑梓如故 ,User
entity2172,气得小狗倒立,User
entity2173,厨雨荨,User
entity2174,没辣种渔网,User
entity2175,WolfHugFish,User
entity2176,晚上在泥盆纪,User
entity2177,aespa-蒜了锤不过,User
entity2178,白小暮Gloami,User
entity2179,十六号心动当铺,User
entity2180,一条细长的头圆乌冬,User
entity2181,李蔓蔓 ,User
entity2182,羊盐芥子 ,User
entity2183,元纸纸 ,User
entity2184,钻石大UVW ,User
entity2185,陪张极从江边唱到鸟巢·高考版_,User
entity2186,还要极小时_,User
entity2187,爱耀十级学家_,User
entity2188,明天就赚三十五亿,User
entity2189,史上最长的一根腿毛被拔了,User
entity2190,阿粪青,User
entity2191,进入轩轩的小世界_亚学,User
entity2192,·一只敢敢·,User
entity2193,东方既白-Yayoi,User
entity2194,呆西里里,User
entity2195,传递正能量,User
entity2196,青岛郑浩,User
entity2197,一颗紫色爆米花,User
entity2198,永远的疼疼,User
entity2199,火月天蝎,User
entity2200,涮羊肉店在逃麻酱 ,User
entity2201,鸽以修身咕咕景 ,User
entity2202,粗药药 ,User
entity2203,路禾盐祺_高考冲刺中 ,User
entity2204,陈念念念念念念是我,User
entity2205,甜蜜执法,User
entity2206,·乌龙泡泡糖-限流版,User
entity2207,·最爱吃烤冷面·,User
entity2208,热心市民乖桑桑,User
entity2209,栀詩蓋飯,User
entity2210,墨初Ares,User
entity2211,长歌歌鸽鸽不鸽,User
entity2212,垃圾桶捡垃圾,User
entity2213,谁在西门吹雪,User
entity2214,CommanDialog,User
entity2215,·轩风小陀螺J_J·,User
entity2216,恋轩简_,User
entity2217,冰羔子,User
entity2218,开心市民璐小葵,User
entity2219,小宋老师拥护者·,User
entity2220,涵der_,User
entity2221,流亡詩仙-,User
entity2222,幼狼栽芽记,User
entity2223,妹转偏向力,User
entity2224,你的三爹爹,User
entity2225,我不叫亚里士缺德,User
entity2226,芽芽味的小布丁,User
entity2227,一次一次2009,User
entity2228,耶耶咸鱼-,User
entity2229,楼阁_titilee,User
entity2230,派小星吖955,User
entity2231,考完高考去摆摊,User
entity2232,·花开荼蘼半色天·,User
entity2233,水鑫記-暴躁李飞版,User
entity2234,喇叭花与哭哭子,User
entity2235,HLIG_,User
entity2236,程序媛不哭,User
entity2237,朱志无鑫,User
entity2238,小朱佩奇你配我,User
entity2239,饱饱吃火锅,User
entity2240,戀鑫纪-,User
entity2241,脑阔在感叹,User
entity2242,月落曙昕,User
entity2243,-山色空蒙-,User
entity2244,欧宝顶呱呱,User
entity2245,与鑫光共眠,User
entity2246,下三白图鉴,User
entity2247,摘花不摘瓜,User
entity2248,鹿岛桃枝,User
entity2249,只颗星 ,User
entity2250,想改个ID但昵称不可用 ,User
entity2251,Nanai-farn ,User
entity2252,易安堆纸箱,User
entity2253,春日心悸,User
entity2254,Uoooo·,User
entity2255,玛丽苏集团霸总,User
entity2256,野性恒星系,User
entity2257,不掉头发的鼠标是我,User
entity2258,弟控顶流专家,User
entity2259,Alex_鱼仔,User
entity2260,豆极是我的,User
entity2261,一枚ferfer,User
entity2262,·酒酿砂糖 ,User
entity2263,互联网小狗日记,User
entity2264,陈皮老kkk,User
entity2265,·杉原铃奈·,User
entity2266,懒懒洋la,User
entity2267,边缘人小曹,User
entity2268,吾冫疯,User
entity2269,得力文具,User
entity2270,源源子弹,User
entity2271,无敌小可爱鸭,User
entity2272,千玺我被高考抢走了,User
entity2273,和我在风里荡秋千,User
entity2274,不知道说啥好bsyry,User
entity2275,星星沾暖茶_,User
entity2276,小熊买了雨衣,User
entity2277,神奇女侠树袋熊,User
entity2278,unfailingWYX ,User
entity2279,hjj今天背单词了吗唱歌了吗 ,User
entity2280,关晓彤为爱发电站 ,User
entity2281,关晓彤 ,User
entity2282,lars你压我头发了,User
entity2283,软甜少女21 ,User
entity2284,残冬一十四 ,User
entity2285,收集浪漫来信_ ,User
entity2286,·雾都祺遇記 ,User
entity2287,玖玖抱紧TNT ,User
entity2288,昵称为立羽 ,User
entity2289,TNT一窝端 ,User
entity2290,梦回she ,User
entity2291,岩浆真的好烫w ,User
entity2292,草莓柠檬兔味 ,User
entity2293,十月鹤彧 ,User
entity2294,默言sunny浅微 ,User
entity2295,月亮不上趟 ,User
entity2296,还叫小特工 ,User
entity2297,粥星拌麻辣烫叻 ,User
entity2298,今日还是想不出名字 ,User
entity2299,拜托拜托我好的很吶,User
entity2300,大脑切片,User
entity2301,我再睡会儿bb,User
entity2302,程可乐A,User
entity2303,_富士牛奶冰_高考版,User
entity2304,有什麼奇怪·,User
entity2305,咕噜泡泡猪,User
entity2306,小柴软橙,User
entity2307,葡萄酒酸锌,User
entity2308,熊举着鱼儿儿儿儿儿儿,User
entity2309,老娘想不出名字老,User
entity2310,屙饭吃屎 ,User
entity2311,TF家族-穆祉丞MU ,User
entity2312,芽芽快来我这里,User
entity2313,轩儿好温柔,User
entity2314,别欺负他了,User
entity2315,米粒莉_,User
entity2316,Maleficus-,User
entity2317,妈妈赚钱给树立买馒头,User
entity2318,我就吃亚口,User
entity2319,北纬二十九度星球,User
entity2320,初级美学学者,User
entity2321,carissaC_,User
entity2322,热风而已·,User
entity2323,深酒清杯,User
entity2324,Tongyjj ,User
entity2325,Crazycat_今天的花 ,User
entity2326,瞌睡的喻同学,User
entity2327,偶尔躲躲祺祺猫,User
entity2328,内闭一致连续,User
entity2329,小啵的橙色麻袋,User
entity2330,糯叽泡泡啵,User
entity2331,别打扰我泡啵啵,User
entity2332,少年手里的麦克风_,User
entity2333,钮枯禄草草子_YN,User
entity2334,·恋源记录册·,User
entity2335,在和王源吃火鸡面,User
entity2336,呆鹅不肥 ,User
entity2337,高考状元宁一桌,User
entity2338,蜡笔蓝瓶,User
entity2339,拥抱太阳的阳光公公,User
entity2340,初见知你媽,User
entity2341,整式小乌,User
entity2342,顾扯淡,User
entity2343,雪霏Sophia,User
entity2344,alulalaland,User
entity2345,贺桉屿,User
entity2346,乱世巨兔,User
entity2347,光启市在逃小画家Lunar,User
entity2348,舞会邀请函,User
entity2349,绘逸兮,User
entity2350,_海盐焦糖千层_,User
entity2351,伞下的三原色光,User
entity2352,不渝见证,User
entity2353,寒山有故居,User
entity2354,是小佳鸭-高考努力版,User
entity2355,时代少年团-张真源,User
